family,repository,commit,literal_raw_path,class,tree_hash,scan_hash,spdx,license_path,license_sha256,security_disposition,legal_disposition,sdk_compatibility_disposition,maintenance_owner,phase,zero_code_graph_proof,cord_destination_path,external_repo_identity,external_head,external_status_sha256,external_modified
polkadot-sdk,https://github.com/paritytech/polkadot-sdk.git,513c79719426c66b1b02ea9d3dc746f90ac737b7,raw/blockchain/2023-12-05-substrate.md,reference-only,513c79719426c66b1b02ea9d3dc746f90ac737b7,0d133437f687dc93c34e679c04ffc013b40ebde2a68364917cb5459ccbbc2bae,not-applicable,not-present,not-present,unaudited reference; native threat review required before semantic adoption,reference-use-only; copying forbidden until a separate legal gate,clean-break native SDK only; no ABI compatibility or client migration,P0-provenance-owner,P0-P7,raw document references substrate/README.md; no source code enters CORD dependency/build graph,not-applicable-reference-only,not-present-raw-hash-only,not-present-raw-hash-only,not-present-raw-hash-only,0
polkadot-sdk,https://github.com/paritytech/polkadot-sdk.git,513c79719426c66b1b02ea9d3dc746f90ac737b7,raw/blockchain/2024-04-10-parity-bridges-common.md,reference-only,513c79719426c66b1b02ea9d3dc746f90ac737b7,694728fc80846dcac1e13e4de4827ca39c4a8dbc2e24026f78e6605fd4634fc1,not-applicable,not-present,not-present,unaudited reference; native threat review required before semantic adoption,reference-use-only; copying forbidden until a separate legal gate,clean-break native SDK only; no ABI compatibility or client migration,P0-provenance-owner,P0-P7,raw document references bridges/README.md; no source code enters CORD dependency/build graph,not-applicable-reference-only,not-present-raw-hash-only,not-present-raw-hash-only,not-present-raw-hash-only,0
polkadot-sdk,https://github.com/paritytech/polkadot-sdk.git,513c79719426c66b1b02ea9d3dc746f90ac737b7,raw/blockchain/2025-08-18-polkadot-sdk-release-process.md,reference-only,513c79719426c66b1b02ea9d3dc746f90ac737b7,41973d0ecee08f74b7142d9e551ed6805f40e81374136e19bdffd223b57a1a4d,not-applicable,not-present,not-present,unaudited reference; native threat review required before semantic adoption,reference-use-only; copying forbidden until a separate legal gate,clean-break native SDK only; no ABI compatibility or client migration,P0-provenance-owner,P0-P7,raw document references docs/RELEASE.md; no source code enters CORD dependency/build graph,not-applicable-reference-only,not-present-raw-hash-only,not-present-raw-hash-only,not-present-raw-hash-only,0
polkadot-sdk,https://github.com/paritytech/polkadot-sdk.git,513c79719426c66b1b02ea9d3dc746f90ac737b7,raw/blockchain/2025-08-27-cumulus.md,reference-only,513c79719426c66b1b02ea9d3dc746f90ac737b7,d8217cd6102c60df7fdadf6f86b1ba23ab505c907c78c9ee148926d4f382033f,not-applicable,not-present,not-present,unaudited reference; native threat review required before semantic adoption,reference-use-only; copying forbidden until a separate legal gate,clean-break native SDK only; no ABI compatibility or client migration,P0-provenance-owner,P0-P7,raw document references cumulus/README.md; no source code enters CORD dependency/build graph,not-applicable-reference-only,not-present-raw-hash-only,not-present-raw-hash-only,not-present-raw-hash-only,0
polkadot-sdk,https://github.com/paritytech/polkadot-sdk.git,513c79719426c66b1b02ea9d3dc746f90ac737b7,raw/blockchain/2025-12-03-polkadot-sdk.md,reference-only,513c79719426c66b1b02ea9d3dc746f90ac737b7,b48a50e2a26f3ed8ccf6e7183f2ec76879e24471bb6154b85e7494ba3e8d0e86,not-applicable,not-present,not-present,unaudited reference; native threat review required before semantic adoption,reference-use-only; copying forbidden until a separate legal gate,clean-break native SDK only; no ABI compatibility or client migration,P0-provenance-owner,P0-P7,raw document references README.md; no source code enters CORD dependency/build graph,not-applicable-reference-only,not-present-raw-hash-only,not-present-raw-hash-only,not-present-raw-hash-only,0
polkadot-sdk,https://github.com/paritytech/polkadot-sdk.git,513c79719426c66b1b02ea9d3dc746f90ac737b7,raw/blockchain/2026-03-17-polkadot-node.md,reference-only,513c79719426c66b1b02ea9d3dc746f90ac737b7,3f7c048c2efbed823765fed831b1f4ae053770706395d053bc6fbe16a7d3c98e,not-applicable,not-present,not-present,unaudited reference; native threat review required before semantic adoption,reference-use-only; copying forbidden until a separate legal gate,clean-break native SDK only; no ABI compatibility or client migration,P0-provenance-owner,P0-P7,raw document references polkadot/README.md; no source code enters CORD dependency/build graph,not-applicable-reference-only,not-present-raw-hash-only,not-present-raw-hash-only,not-present-raw-hash-only,0
polkadot-bulletin-chain,https://github.com/paritytech/polkadot-bulletin-chain.git,b6c2827d232669b525c0906cc20def0e5eb4676b,raw/blockchain/2026-07-08-bulletin-chain-architecture.md,reference-only,1c3e72f2e2a4d4d8bf50b2c03235cf8c1d9897c8,d9a492445c9e65176814890b8efb508761c10b85ed3d772ff129bb8578e07a0f,reference-only; repository license recorded,LICENSE,c61f12da7cdad526bdcbed47a4c0a603e60dbbfdaf8b66933cd088e9132c303f,unaudited reference; native threat review required before semantic adoption,reference-use-only; copying forbidden until a separate legal gate,clean-break native SDK only; no ABI compatibility or client migration,P0-provenance-owner,P0-P7,raw document references docs/architecture.md; no source code enters CORD dependency/build graph,not-applicable-reference-only,https://github.com/paritytech/polkadot-bulletin-chain.git,b6c2827d232669b525c0906cc20def0e5eb4676b,e3b0c44298fc1c149afbf4c8996fb92427ae41e4649b934ca495991b7852b855,0
polkadot-bulletin-chain,https://github.com/paritytech/polkadot-bulletin-chain.git,b6c2827d232669b525c0906cc20def0e5eb4676b,raw/blockchain/2026-07-08-bulletin-chain-authorizations.md,reference-only,1c3e72f2e2a4d4d8bf50b2c03235cf8c1d9897c8,946ce92026ea0ebedc9781a017e5204868896dd2218fe833806ae975acd81e75,reference-only; repository license recorded,LICENSE,c61f12da7cdad526bdcbed47a4c0a603e60dbbfdaf8b66933cd088e9132c303f,unaudited reference; native threat review required before semantic adoption,reference-use-only; copying forbidden until a separate legal gate,clean-break native SDK only; no ABI compatibility or client migration,P0-provenance-owner,P0-P7,raw document references docs/authorizations.md; no source code enters CORD dependency/build graph,not-applicable-reference-only,https://github.com/paritytech/polkadot-bulletin-chain.git,b6c2827d232669b525c0906cc20def0e5eb4676b,e3b0c44298fc1c149afbf4c8996fb92427ae41e4649b934ca495991b7852b855,0
polkadot-bulletin-chain,https://github.com/paritytech/polkadot-bulletin-chain.git,b6c2827d232669b525c0906cc20def0e5eb4676b,raw/blockchain/2026-07-08-bulletin-chain-sdk.md,reference-only,1c3e72f2e2a4d4d8bf50b2c03235cf8c1d9897c8,054cac27462d52ec6a573665f5d0073a8c67132bf1aa60413f81d9529ff2db00,reference-only; repository license recorded,LICENSE,c61f12da7cdad526bdcbed47a4c0a603e60dbbfdaf8b66933cd088e9132c303f,unaudited reference; native threat review required before semantic adoption,reference-use-only; copying forbidden until a separate legal gate,clean-break native SDK only; no ABI compatibility or client migration,P0-provenance-owner,P0-P7,raw document references sdk/README.md; no source code enters CORD dependency/build graph,not-applicable-reference-only,https://github.com/paritytech/polkadot-bulletin-chain.git,b6c2827d232669b525c0906cc20def0e5eb4676b,e3b0c44298fc1c149afbf4c8996fb92427ae41e4649b934ca495991b7852b855,0
polkadot-bulletin-chain,https://github.com/paritytech/polkadot-bulletin-chain.git,b6c2827d232669b525c0906cc20def0e5eb4676b,raw/blockchain/2026-07-08-polkadot-bulletin-chain.md,reference-only,1c3e72f2e2a4d4d8bf50b2c03235cf8c1d9897c8,5ed5f3a51befb8329bb1b4ce960ae763428eac89bda76f275996ee1a152fa016,reference-only; repository license recorded,LICENSE,c61f12da7cdad526bdcbed47a4c0a603e60dbbfdaf8b66933cd088e9132c303f,unaudited reference; native threat review required before semantic adoption,reference-use-only; copying forbidden until a separate legal gate,clean-break native SDK only; no ABI compatibility or client migration,P0-provenance-owner,P0-P7,raw document references README.md; no source code enters CORD dependency/build graph,not-applicable-reference-only,https://github.com/paritytech/polkadot-bulletin-chain.git,b6c2827d232669b525c0906cc20def0e5eb4676b,e3b0c44298fc1c149afbf4c8996fb92427ae41e4649b934ca495991b7852b855,0
runtimes,https://github.com/paseo-network/runtimes.git,ac99ed6c1122b2d868595bcbf797bdd8acaf2928,raw/blockchain/2026-07-09-paseo-runtime-scripts.md,reference-only,ca911ef084b6982d428319dc9feeb28569580767,899429ab3b0507b740931bbd943171e3eddc9599914c342d2cedf6dde84a6960,reference-only; repository license recorded,LICENSE,d62f065830aa3739cc031156b9690805c7b2e811b4a178c8b4acd8725d561c94,unaudited reference; native threat review required before semantic adoption,reference-use-only; copying forbidden until a separate legal gate,clean-break native SDK only; no ABI compatibility or client migration,P0-provenance-owner,P0-P7,raw document references scripts/README.md; no source code enters CORD dependency/build graph,not-applicable-reference-only,https://github.com/paseo-network/runtimes.git,ac99ed6c1122b2d868595bcbf797bdd8acaf2928,e3b0c44298fc1c149afbf4c8996fb92427ae41e4649b934ca495991b7852b855,0
runtimes,https://github.com/paseo-network/runtimes.git,ac99ed6c1122b2d868595bcbf797bdd8acaf2928,raw/blockchain/2026-07-09-paseo-runtimes.md,reference-only,ca911ef084b6982d428319dc9feeb28569580767,e162ff2df007880c5190ff23c20ee4d796c667e662e69759570b57ecf206b72d,reference-only; repository license recorded,LICENSE,d62f065830aa3739cc031156b9690805c7b2e811b4a178c8b4acd8725d561c94,unaudited reference; native threat review required before semantic adoption,reference-use-only; copying forbidden until a separate legal gate,clean-break native SDK only; no ABI compatibility or client migration,P0-provenance-owner,P0-P7,raw document references README.md; no source code enters CORD dependency/build graph,not-applicable-reference-only,https://github.com/paseo-network/runtimes.git,ac99ed6c1122b2d868595bcbf797bdd8acaf2928,e3b0c44298fc1c149afbf4c8996fb92427ae41e4649b934ca495991b7852b855,0
runtimes,https://github.com/polkadot-fellows/runtimes.git,477689fddba4475eca82ccf11edd339a09140aa3,raw/blockchain/2026-07-10-fellowship-runtime-upgrade-guide.md,reference-only,29bae844c6b69c81bb9654d4c4c8df331bc62027,01782011c42119e9af693d327d9d48860ec9c318cda4a1c931545d5d10733229,reference-only; repository license recorded,LICENSE,d62f065830aa3739cc031156b9690805c7b2e811b4a178c8b4acd8725d561c94,unaudited reference; native threat review required before semantic adoption,reference-use-only; copying forbidden until a separate legal gate,clean-break native SDK only; no ABI compatibility or client migration,P0-provenance-owner,P0-P7,raw document references docs/runtime-upgrade-guide.md; no source code enters CORD dependency/build graph,not-applicable-reference-only,https://github.com/polkadot-fellows/runtimes.git,477689fddba4475eca82ccf11edd339a09140aa3,e3b0c44298fc1c149afbf4c8996fb92427ae41e4649b934ca495991b7852b855,0
runtimes,https://github.com/polkadot-fellows/runtimes.git,477689fddba4475eca82ccf11edd339a09140aa3,raw/blockchain/2026-07-10-fellowship-runtime-weight-generation.md,reference-only,29bae844c6b69c81bb9654d4c4c8df331bc62027,ac16b791c4b134ef69f00e77df858b2187808f4326f4fd8cb13b090961605c22,reference-only; repository license recorded,LICENSE,d62f065830aa3739cc031156b9690805c7b2e811b4a178c8b4acd8725d561c94,unaudited reference; native threat review required before semantic adoption,reference-use-only; copying forbidden until a separate legal gate,clean-break native SDK only; no ABI compatibility or client migration,P0-provenance-owner,P0-P7,raw document references docs/weight-generation.md; no source code enters CORD dependency/build graph,not-applicable-reference-only,https://github.com/polkadot-fellows/runtimes.git,477689fddba4475eca82ccf11edd339a09140aa3,e3b0c44298fc1c149afbf4c8996fb92427ae41e4649b934ca495991b7852b855,0
runtimes,https://github.com/polkadot-fellows/runtimes.git,477689fddba4475eca82ccf11edd339a09140aa3,raw/blockchain/2026-07-10-fellowship-runtimes.md,reference-only,29bae844c6b69c81bb9654d4c4c8df331bc62027,648dd75ccf53a1ea12267673f532aaae8ea8d73e470585c90e8f5c125bdfd6a8,reference-only; repository license recorded,LICENSE,d62f065830aa3739cc031156b9690805c7b2e811b4a178c8b4acd8725d561c94,unaudited reference; native threat review required before semantic adoption,reference-use-only; copying forbidden until a separate legal gate,clean-break native SDK only; no ABI compatibility or client migration,P0-provenance-owner,P0-P7,raw document references README.md; no source code enters CORD dependency/build graph,not-applicable-reference-only,https://github.com/polkadot-fellows/runtimes.git,477689fddba4475eca82ccf11edd339a09140aa3,e3b0c44298fc1c149afbf4c8996fb92427ae41e4649b934ca495991b7852b855,0
verifiable,https://github.com/paritytech/verifiable.git,1f9f67524acce0d9c46dbbb566f84ce52757b114,raw/cryptography/2026-06-30-verifiable.md,reference-only,9278fc005ecc6f8e89dd3324c8ae0f8fe54e7295,7e7126f43f1b9002057d07011ed6af0d4e39d4836ffc19ac02e68b852ef2105e,not-applicable,not-present,not-present,unaudited reference; native threat review required before semantic adoption,reference-use-only; copying forbidden until a separate legal gate,clean-break native SDK only; no ABI compatibility or client migration,P0-provenance-owner,P0-P7,raw document references README.md; no source code enters CORD dependency/build graph,not-applicable-reference-only,https://github.com/paritytech/verifiable.git,1f9f67524acce0d9c46dbbb566f84ce52757b114,e3b0c44298fc1c149afbf4c8996fb92427ae41e4649b934ca495991b7852b855,0
bcts,https://github.com/paritytech/bcts.git,42b792571b335d447f3b20ba553a4f291c82e55d,raw/cryptography/2026-07-01-bcts-dcbor.md,reference-only,af56cf5e99f632aaaa8d94e9037395558be0b406,dcec6ed4a6ec20c935f9ef82b2364e2c0e65a32f57601463634f19995bf9ded1,reference-only; repository license recorded,LICENSE,4bdac1723c0ba019d3c65cd463d3c1234f5f815c7c519afeea11827d476718cc,unaudited reference; native threat review required before semantic adoption,reference-use-only; copying forbidden until a separate legal gate,clean-break native SDK only; no ABI compatibility or client migration,P0-provenance-owner,P0-P7,raw document references packages/dcbor/README.md; no source code enters CORD dependency/build graph,not-applicable-reference-only,https://github.com/paritytech/bcts.git,42b792571b335d447f3b20ba553a4f291c82e55d,e3b0c44298fc1c149afbf4c8996fb92427ae41e4649b934ca495991b7852b855,0
bcts,https://github.com/paritytech/bcts.git,42b792571b335d447f3b20ba553a4f291c82e55d,raw/cryptography/2026-07-01-bcts-gordian-envelope.md,reference-only,af56cf5e99f632aaaa8d94e9037395558be0b406,af434ddee98a47328790e4083b20e0f93324214b9435810fd9bea55ff69e253b,reference-only; repository license recorded,LICENSE,4bdac1723c0ba019d3c65cd463d3c1234f5f815c7c519afeea11827d476718cc,unaudited reference; native threat review required before semantic adoption,reference-use-only; copying forbidden until a separate legal gate,clean-break native SDK only; no ABI compatibility or client migration,P0-provenance-owner,P0-P7,raw document references packages/envelope/README.md; no source code enters CORD dependency/build graph,not-applicable-reference-only,https://github.com/paritytech/bcts.git,42b792571b335d447f3b20ba553a4f291c82e55d,e3b0c44298fc1c149afbf4c8996fb92427ae41e4649b934ca495991b7852b855,0
bcts,https://github.com/paritytech/bcts.git,42b792571b335d447f3b20ba553a4f291c82e55d,raw/cryptography/2026-07-01-bcts-sskr.md,reference-only,af56cf5e99f632aaaa8d94e9037395558be0b406,5f895cd699003b362dec2c57ef5d7356fc26b479978ed228fed2daf58517c398,reference-only; repository license recorded,LICENSE,4bdac1723c0ba019d3c65cd463d3c1234f5f815c7c519afeea11827d476718cc,unaudited reference; native threat review required before semantic adoption,reference-use-only; copying forbidden until a separate legal gate,clean-break native SDK only; no ABI compatibility or client migration,P0-provenance-owner,P0-P7,raw document references packages/sskr/README.md; no source code enters CORD dependency/build graph,not-applicable-reference-only,https://github.com/paritytech/bcts.git,42b792571b335d447f3b20ba553a4f291c82e55d,e3b0c44298fc1c149afbf4c8996fb92427ae41e4649b934ca495991b7852b855,0
bcts,https://github.com/paritytech/bcts.git,42b792571b335d447f3b20ba553a4f291c82e55d,raw/cryptography/2026-07-01-bcts-uniform-resources.md,reference-only,af56cf5e99f632aaaa8d94e9037395558be0b406,338eea25baaf4a28e08e96697bfdd23172c3be6f95e436ea6adde4d3cf4001d6,reference-only; repository license recorded,LICENSE,4bdac1723c0ba019d3c65cd463d3c1234f5f815c7c519afeea11827d476718cc,unaudited reference; native threat review required before semantic adoption,reference-use-only; copying forbidden until a separate legal gate,clean-break native SDK only; no ABI compatibility or client migration,P0-provenance-owner,P0-P7,raw document references packages/uniform-resources/README.md; no source code enters CORD dependency/build graph,not-applicable-reference-only,https://github.com/paritytech/bcts.git,42b792571b335d447f3b20ba553a4f291c82e55d,e3b0c44298fc1c149afbf4c8996fb92427ae41e4649b934ca495991b7852b855,0
bcts,https://github.com/paritytech/bcts.git,42b792571b335d447f3b20ba553a4f291c82e55d,raw/cryptography/2026-07-01-bcts-xid.md,reference-only,af56cf5e99f632aaaa8d94e9037395558be0b406,9103d7a39c4a946d240ef5d258f39dc975d864ecd2bcad5aa5a884e22de46ac7,reference-only; repository license recorded,LICENSE,4bdac1723c0ba019d3c65cd463d3c1234f5f815c7c519afeea11827d476718cc,unaudited reference; native threat review required before semantic adoption,reference-use-only; copying forbidden until a separate legal gate,clean-break native SDK only; no ABI compatibility or client migration,P0-provenance-owner,P0-P7,raw document references packages/xid/README.md; no source code enters CORD dependency/build graph,not-applicable-reference-only,https://github.com/paritytech/bcts.git,42b792571b335d447f3b20ba553a4f291c82e55d,e3b0c44298fc1c149afbf4c8996fb92427ae41e4649b934ca495991b7852b855,0
bcts,https://github.com/paritytech/bcts.git,42b792571b335d447f3b20ba553a4f291c82e55d,raw/cryptography/2026-07-01-bcts.md,reference-only,af56cf5e99f632aaaa8d94e9037395558be0b406,69f94396792381d00d0dae69aeed19e7964e321469c443b9ae0b70211d75afc3,reference-only; repository license recorded,LICENSE,4bdac1723c0ba019d3c65cd463d3c1234f5f815c7c519afeea11827d476718cc,unaudited reference; native threat review required before semantic adoption,reference-use-only; copying forbidden until a separate legal gate,clean-break native SDK only; no ABI compatibility or client migration,P0-provenance-owner,P0-P7,raw document references README.md; no source code enters CORD dependency/build graph,not-applicable-reference-only,https://github.com/paritytech/bcts.git,42b792571b335d447f3b20ba553a4f291c82e55d,e3b0c44298fc1c149afbf4c8996fb92427ae41e4649b934ca495991b7852b855,0
verifiablejs,https://github.com/paritytech/verifiablejs.git,eee3994d025f248ee7fd7c491839a3556277a4da,raw/cryptography/2026-07-07-verifiable-js-package.md,reference-only,2d3005b1c0608a202155fd0d7a46db5b9c30252f,2b5d724114ae23f80b76e100efb4bcdbc7d9052ab5ab4c61afb64309d75d6441,not-applicable,not-present,not-present,unaudited reference; native threat review required before semantic adoption,reference-use-only; copying forbidden until a separate legal gate,clean-break native SDK only; no ABI compatibility or client migration,P0-provenance-owner,P0-P7,raw document references packages/verifiablejs/README.md; no source code enters CORD dependency/build graph,not-applicable-reference-only,https://github.com/paritytech/verifiablejs.git,eee3994d025f248ee7fd7c491839a3556277a4da,e3b0c44298fc1c149afbf4c8996fb92427ae41e4649b934ca495991b7852b855,0
verifiablejs,https://github.com/paritytech/verifiablejs.git,eee3994d025f248ee7fd7c491839a3556277a4da,raw/cryptography/2026-07-07-verifiable-js.md,reference-only,2d3005b1c0608a202155fd0d7a46db5b9c30252f,6a2f3bc8ca865a5c5420af6f7f57516509589d0cf1de3625b3e2d4b1774acb23,not-applicable,not-present,not-present,unaudited reference; native threat review required before semantic adoption,reference-use-only; copying forbidden until a separate legal gate,clean-break native SDK only; no ABI compatibility or client migration,P0-provenance-owner,P0-P7,raw document references README.md; no source code enters CORD dependency/build graph,not-applicable-reference-only,https://github.com/paritytech/verifiablejs.git,eee3994d025f248ee7fd7c491839a3556277a4da,e3b0c44298fc1c149afbf4c8996fb92427ae41e4649b934ca495991b7852b855,0
polkadot-apps,https://github.com/paritytech/polkadot-apps.git,e8f7847ccd562650f996252a181abdf5f954a843,raw/decentralized-web/2026-05-06-polkadot-apps.md,reference-only,e563aa3eafa7ec0ad5cdc04126841d47fa0c5c8a,37485b4406f75bd708aeeea52e43c39c560ef836efa1c1454d8c950f2dace5a0,reference-only; repository license recorded,LICENSE,c71d239df91726fc519c6eb72d318ec65820627232b2f796219e87dcf35d0ab4,unaudited reference; native threat review required before semantic adoption,reference-use-only; copying forbidden until a separate legal gate,clean-break native SDK only; no ABI compatibility or client migration,P0-provenance-owner,P0-P7,raw document references README.md; no source code enters CORD dependency/build graph,not-applicable-reference-only,https://github.com/paritytech/polkadot-apps.git,e8f7847ccd562650f996252a181abdf5f954a843,e3b0c44298fc1c149afbf4c8996fb92427ae41e4649b934ca495991b7852b855,0
dotli-starter,https://github.com/paritytech/dotli-starter.git,da06591bf7aeb5769f369db71a1d03e804e2b1fa,raw/decentralized-web/2026-06-10-dotli-starter.md,reference-only,edcaa40b4b52320829c067259ec910fcb7e784bc,ed737510c0fba8ed0a6c453b13299626e551d3a1441b628c8d4eb1772d209ad6,reference-only; repository license recorded,LICENSE,04b1d6125acb9b8c4dfecfe56eb914abb378b04e33d309c90b069278b13954e2,unaudited reference; native threat review required before semantic adoption,reference-use-only; copying forbidden until a separate legal gate,clean-break native SDK only; no ABI compatibility or client migration,P0-provenance-owner,P0-P7,raw document references README.md; no source code enters CORD dependency/build graph,not-applicable-reference-only,https://github.com/paritytech/dotli-starter.git,da06591bf7aeb5769f369db71a1d03e804e2b1fa,e3b0c44298fc1c149afbf4c8996fb92427ae41e4649b934ca495991b7852b855,0
localdot-community,https://github.com/paritytech/localdot-community.git,79b7d9bc2aaf9e7ecbd60c7f6ddd31b76e8c0978,raw/decentralized-web/2026-06-11-localdot-community.md,reference-only,0fa36343484f6c5f664ad0f32fa1e3fac349f99d,1f90e36be207f27f59303c990d3417cf8527a324f9aa17ea62efd7592750b5ad,reference-only; repository license recorded,LICENSE,eb1183455a9bbed466e52b50c263226ce6601e5655de83cea302695463735282,unaudited reference; native threat review required before semantic adoption,reference-use-only; copying forbidden until a separate legal gate,clean-break native SDK only; no ABI compatibility or client migration,P0-provenance-owner,P0-P7,raw document references README.md; no source code enters CORD dependency/build graph,not-applicable-reference-only,https://github.com/paritytech/localdot-community.git,79b7d9bc2aaf9e7ecbd60c7f6ddd31b76e8c0978,e3b0c44298fc1c149afbf4c8996fb92427ae41e4649b934ca495991b7852b855,0
dotns,https://github.com/paritytech/dotns.git,05a91f7f3c8f1c2c3d2d4d333d77d9f64892bc0d,raw/decentralized-web/2026-06-12-dotns.md,reference-only,9866cccb3e12f99d75383ccfba76d7f528673c9a,5db58a9bc560947d8b00545783eb759f77baf4f5cdf7609e364483ea2ec9e2a7,reference-only; repository license recorded,LICENSE,51913408bcdf24cd0ba61b4d0ce183e1abc42968001477d44a2a180624eb521f,unaudited reference; native threat review required before semantic adoption,reference-use-only; copying forbidden until a separate legal gate,clean-break native SDK only; no ABI compatibility or client migration,P0-provenance-owner,P0-P7,raw document references README.md; no source code enters CORD dependency/build graph,not-applicable-reference-only,https://github.com/paritytech/dotns.git,05a91f7f3c8f1c2c3d2d4d333d77d9f64892bc0d,e3b0c44298fc1c149afbf4c8996fb92427ae41e4649b934ca495991b7852b855,0
playground-app-community,https://github.com/paritytech/playground-app-community.git,92d7e03de68c6eb1cebb24d43a7b32fcb831b289,raw/decentralized-web/2026-06-18-playground-app-community.md,reference-only,c1fc5111ad247daffb825ed84a378fe443c544c6,31381b27c24232cf74c40ab490190a9058f805ad08e45cf4c72faffaf515babe,reference-only; repository license recorded,LICENSE,3972dc9744f6499f0f9b2dbf76696f2ae7ad8af9b23dde66d6af86c9dfb36986,unaudited reference; native threat review required before semantic adoption,reference-use-only; copying forbidden until a separate legal gate,clean-break native SDK only; no ABI compatibility or client migration,P0-provenance-owner,P0-P7,raw document references README.md; no source code enters CORD dependency/build graph,not-applicable-reference-only,https://github.com/paritytech/playground-app-community.git,92d7e03de68c6eb1cebb24d43a7b32fcb831b289,e3b0c44298fc1c149afbf4c8996fb92427ae41e4649b934ca495991b7852b855,0
polkadot-desktop-community,https://github.com/paritytech/polkadot-desktop-community.git,2c76cb7e53af4ada12b3a6e31901fdc27c0cb4fd,raw/decentralized-web/2026-06-18-polkadot-desktop-community.md,reference-only,e04c2b9f872b80949226afd2b3d9b8a01c1a201e,2e906f37ae3f9018ab05723e2770943cd4d2953895976d19ac698f5be6dc4714,reference-only; repository license recorded,LICENSE,e902615a7bece14ce851fd8a9cce637184de83d04a54a13cd4ccc88631b42b18,unaudited reference; native threat review required before semantic adoption,reference-use-only; copying forbidden until a separate legal gate,clean-break native SDK only; no ABI compatibility or client migration,P0-provenance-owner,P0-P7,raw document references README.md; no source code enters CORD dependency/build graph,not-applicable-reference-only,https://github.com/paritytech/polkadot-desktop-community.git,2c76cb7e53af4ada12b3a6e31901fdc27c0cb4fd,e3b0c44298fc1c149afbf4c8996fb92427ae41e4649b934ca495991b7852b855,0
dotns-sdk,https://github.com/paritytech/dotns-sdk.git,ff8199fe1b31c885048fcd0ba2b452315664df89,raw/decentralized-web/2026-06-29-dotns-sdk.md,reference-only,5b917f0169d979276a745af8e4b8b041a8034144,e6d3fed5dc7a74303a7bc3a8045de5bd3c62514bb41d5f7b12cca2cb6dcfc484,reference-only; repository license recorded,LICENSE,51913408bcdf24cd0ba61b4d0ce183e1abc42968001477d44a2a180624eb521f,unaudited reference; native threat review required before semantic adoption,reference-use-only; copying forbidden until a separate legal gate,clean-break native SDK only; no ABI compatibility or client migration,P0-provenance-owner,P0-P7,raw document references README.md; no source code enters CORD dependency/build graph,not-applicable-reference-only,https://github.com/paritytech/dotns-sdk.git,ff8199fe1b31c885048fcd0ba2b452315664df89,e3b0c44298fc1c149afbf4c8996fb92427ae41e4649b934ca495991b7852b855,0
browse,https://github.com/paritytech/browse.git,1054df0f0e89f4686c2f8a484a3ed1502ea4e571,raw/decentralized-web/2026-07-09-browse-app.md,reference-only,4f0f18bc055605593b9b3c955d94a6304b72812c,93ff5a8e762f1e60a92f50c7899b193199170d769593a6c1f83103eee348575c,reference-only; repository license recorded,LICENSE,c401dd88d8016f5006d2aff58b51fecd312e5630d10b63fa9a79c517d7f4f225,unaudited reference; native threat review required before semantic adoption,reference-use-only; copying forbidden until a separate legal gate,clean-break native SDK only; no ABI compatibility or client migration,P0-provenance-owner,P0-P7,raw document references app/README.md; no source code enters CORD dependency/build graph,not-applicable-reference-only,https://github.com/paritytech/browse.git,1054df0f0e89f4686c2f8a484a3ed1502ea4e571,e3b0c44298fc1c149afbf4c8996fb92427ae41e4649b934ca495991b7852b855,0
browse,https://github.com/paritytech/browse.git,1054df0f0e89f4686c2f8a484a3ed1502ea4e571,raw/decentralized-web/2026-07-09-browse-one-deployment.md,reference-only,4f0f18bc055605593b9b3c955d94a6304b72812c,276dc0e16051e0e0a3a77c561a71a6a0e0e4c69811b469efd27a8d48533e63ec,reference-only; repository license recorded,LICENSE,c401dd88d8016f5006d2aff58b51fecd312e5630d10b63fa9a79c517d7f4f225,unaudited reference; native threat review required before semantic adoption,reference-use-only; copying forbidden until a separate legal gate,clean-break native SDK only; no ABI compatibility or client migration,P0-provenance-owner,P0-P7,raw document references docs/one-deployment.md; no source code enters CORD dependency/build graph,not-applicable-reference-only,https://github.com/paritytech/browse.git,1054df0f0e89f4686c2f8a484a3ed1502ea4e571,e3b0c44298fc1c149afbf4c8996fb92427ae41e4649b934ca495991b7852b855,0
browse,https://github.com/paritytech/browse.git,1054df0f0e89f4686c2f8a484a3ed1502ea4e571,raw/decentralized-web/2026-07-09-browse-publishing-registry.md,reference-only,4f0f18bc055605593b9b3c955d94a6304b72812c,54d112e3f03725e19cc7f194562d9a82fe443307808e132d44e2b917009e2775,reference-only; repository license recorded,LICENSE,c401dd88d8016f5006d2aff58b51fecd312e5630d10b63fa9a79c517d7f4f225,unaudited reference; native threat review required before semantic adoption,reference-use-only; copying forbidden until a separate legal gate,clean-break native SDK only; no ABI compatibility or client migration,P0-provenance-owner,P0-P7,raw document references docs/publishing-registry.md; no source code enters CORD dependency/build graph,not-applicable-reference-only,https://github.com/paritytech/browse.git,1054df0f0e89f4686c2f8a484a3ed1502ea4e571,e3b0c44298fc1c149afbf4c8996fb92427ae41e4649b934ca495991b7852b855,0
browse,https://github.com/paritytech/browse.git,1054df0f0e89f4686c2f8a484a3ed1502ea4e571,raw/decentralized-web/2026-07-09-browse-sdk.md,reference-only,4f0f18bc055605593b9b3c955d94a6304b72812c,0694ffea27c7cabb888867400a72caf3db09ce523cdb9d5bb0091c8340c9777f,reference-only; repository license recorded,LICENSE,c401dd88d8016f5006d2aff58b51fecd312e5630d10b63fa9a79c517d7f4f225,unaudited reference; native threat review required before semantic adoption,reference-use-only; copying forbidden until a separate legal gate,clean-break native SDK only; no ABI compatibility or client migration,P0-provenance-owner,P0-P7,raw document references packages/browse-sdk/README.md; no source code enters CORD dependency/build graph,not-applicable-reference-only,https://github.com/paritytech/browse.git,1054df0f0e89f4686c2f8a484a3ed1502ea4e571,e3b0c44298fc1c149afbf4c8996fb92427ae41e4649b934ca495991b7852b855,0
browse,https://github.com/paritytech/browse.git,1054df0f0e89f4686c2f8a484a3ed1502ea4e571,raw/decentralized-web/2026-07-09-browse.md,reference-only,4f0f18bc055605593b9b3c955d94a6304b72812c,1f18fd20715709688adbf9b9d6f22071b434db982192e7bfc07ef7bcb856c088,reference-only; repository license recorded,LICENSE,c401dd88d8016f5006d2aff58b51fecd312e5630d10b63fa9a79c517d7f4f225,unaudited reference; native threat review required before semantic adoption,reference-use-only; copying forbidden until a separate legal gate,clean-break native SDK only; no ABI compatibility or client migration,P0-provenance-owner,P0-P7,raw document references README.md; no source code enters CORD dependency/build graph,not-applicable-reference-only,https://github.com/paritytech/browse.git,1054df0f0e89f4686c2f8a484a3ed1502ea4e571,e3b0c44298fc1c149afbf4c8996fb92427ae41e4649b934ca495991b7852b855,0
product-sdk,https://github.com/paritytech/product-sdk.git,8fd5cfcbcb3b02519642be0c5ec82b8e2d6730c5,raw/decentralized-web/2026-07-09-product-sdk-contracts.md,reference-only,ab3c2205b0ab89bf13b3ea0bc3ca3913ac1f6add,4b3377a276d4f4491ec5fab373038bc13a9142bf791a8f8ab282500d606835c3,reference-only; repository license recorded,LICENSE,47bd7129b351af036270ce70e3d6e62f7618e07238c707a845b59856f3757737,unaudited reference; native threat review required before semantic adoption,reference-use-only; copying forbidden until a separate legal gate,clean-break native SDK only; no ABI compatibility or client migration,P0-provenance-owner,P0-P7,raw document references product-sdk/packages/contracts/README.md; no source code enters CORD dependency/build graph,not-applicable-reference-only,https://github.com/paritytech/product-sdk.git,8fd5cfcbcb3b02519642be0c5ec82b8e2d6730c5,e3b0c44298fc1c149afbf4c8996fb92427ae41e4649b934ca495991b7852b855,0
product-sdk,https://github.com/paritytech/product-sdk.git,8fd5cfcbcb3b02519642be0c5ec82b8e2d6730c5,raw/decentralized-web/2026-07-09-product-sdk-descriptors.md,reference-only,ab3c2205b0ab89bf13b3ea0bc3ca3913ac1f6add,4e06671832c26e5b6e4a8a683679a4c021c31877cd8c7594595431935e969708,reference-only; repository license recorded,LICENSE,47bd7129b351af036270ce70e3d6e62f7618e07238c707a845b59856f3757737,unaudited reference; native threat review required before semantic adoption,reference-use-only; copying forbidden until a separate legal gate,clean-break native SDK only; no ABI compatibility or client migration,P0-provenance-owner,P0-P7,raw document references product-sdk/packages/descriptors/README.md; no source code enters CORD dependency/build graph,not-applicable-reference-only,https://github.com/paritytech/product-sdk.git,8fd5cfcbcb3b02519642be0c5ec82b8e2d6730c5,e3b0c44298fc1c149afbf4c8996fb92427ae41e4649b934ca495991b7852b855,0
product-sdk,https://github.com/paritytech/product-sdk.git,8fd5cfcbcb3b02519642be0c5ec82b8e2d6730c5,raw/decentralized-web/2026-07-09-product-sdk-overview.md,reference-only,ab3c2205b0ab89bf13b3ea0bc3ca3913ac1f6add,0eceea982d6c762dbec224316177c381006b2bbf98abf7d691ceb068c9b1baf3,reference-only; repository license recorded,LICENSE,47bd7129b351af036270ce70e3d6e62f7618e07238c707a845b59856f3757737,unaudited reference; native threat review required before semantic adoption,reference-use-only; copying forbidden until a separate legal gate,clean-break native SDK only; no ABI compatibility or client migration,P0-provenance-owner,P0-P7,raw document references docs/content/index.mdx; no source code enters CORD dependency/build graph,not-applicable-reference-only,https://github.com/paritytech/product-sdk.git,8fd5cfcbcb3b02519642be0c5ec82b8e2d6730c5,e3b0c44298fc1c149afbf4c8996fb92427ae41e4649b934ca495991b7852b855,0
product-sdk,https://github.com/paritytech/product-sdk.git,8fd5cfcbcb3b02519642be0c5ec82b8e2d6730c5,raw/decentralized-web/2026-07-09-product-sdk-packages.md,reference-only,ab3c2205b0ab89bf13b3ea0bc3ca3913ac1f6add,22953380ab64b236849ed51949ff0bdb58d8f6c4f3b0f66f98e0dfe6ff71f204,reference-only; repository license recorded,LICENSE,47bd7129b351af036270ce70e3d6e62f7618e07238c707a845b59856f3757737,unaudited reference; native threat review required before semantic adoption,reference-use-only; copying forbidden until a separate legal gate,clean-break native SDK only; no ABI compatibility or client migration,P0-provenance-owner,P0-P7,raw document references product-sdk/README.md; no source code enters CORD dependency/build graph,not-applicable-reference-only,https://github.com/paritytech/product-sdk.git,8fd5cfcbcb3b02519642be0c5ec82b8e2d6730c5,e3b0c44298fc1c149afbf4c8996fb92427ae41e4649b934ca495991b7852b855,0
product-sdk,https://github.com/paritytech/product-sdk.git,8fd5cfcbcb3b02519642be0c5ec82b8e2d6730c5,raw/decentralized-web/2026-07-09-product-sdk-quickstart.md,reference-only,ab3c2205b0ab89bf13b3ea0bc3ca3913ac1f6add,1d1e40c1063ccc03112365c7aaa6f59bebd41ba1278a47bbf6bf708b19d9be11,reference-only; repository license recorded,LICENSE,47bd7129b351af036270ce70e3d6e62f7618e07238c707a845b59856f3757737,unaudited reference; native threat review required before semantic adoption,reference-use-only; copying forbidden until a separate legal gate,clean-break native SDK only; no ABI compatibility or client migration,P0-provenance-owner,P0-P7,raw document references docs/content/getting-started/quickstart.mdx; no source code enters CORD dependency/build graph,not-applicable-reference-only,https://github.com/paritytech/product-sdk.git,8fd5cfcbcb3b02519642be0c5ec82b8e2d6730c5,e3b0c44298fc1c149afbf4c8996fb92427ae41e4649b934ca495991b7852b855,0
product-sdk,https://github.com/paritytech/product-sdk.git,8fd5cfcbcb3b02519642be0c5ec82b8e2d6730c5,raw/decentralized-web/2026-07-09-product-sdk-releases.md,reference-only,ab3c2205b0ab89bf13b3ea0bc3ca3913ac1f6add,3ac302d06f82cdcbc19c169ac0316e3c0f68724c8b04043fa4b7387ad51eecf8,reference-only; repository license recorded,LICENSE,47bd7129b351af036270ce70e3d6e62f7618e07238c707a845b59856f3757737,unaudited reference; native threat review required before semantic adoption,reference-use-only; copying forbidden until a separate legal gate,clean-break native SDK only; no ABI compatibility or client migration,P0-provenance-owner,P0-P7,raw document references product-sdk/RELEASES.md; no source code enters CORD dependency/build graph,not-applicable-reference-only,https://github.com/paritytech/product-sdk.git,8fd5cfcbcb3b02519642be0c5ec82b8e2d6730c5,e3b0c44298fc1c149afbf4c8996fb92427ae41e4649b934ca495991b7852b855,0
product-sdk,https://github.com/paritytech/product-sdk.git,8fd5cfcbcb3b02519642be0c5ec82b8e2d6730c5,raw/decentralized-web/2026-07-09-product-sdk-truapi-migration.md,reference-only,ab3c2205b0ab89bf13b3ea0bc3ca3913ac1f6add,f3f5e0ab9fe136cde27b3e2c7438240db4c0c7353c6e76571b85e91153b63927,reference-only; repository license recorded,LICENSE,47bd7129b351af036270ce70e3d6e62f7618e07238c707a845b59856f3757737,unaudited reference; native threat review required before semantic adoption,reference-use-only; copying forbidden until a separate legal gate,clean-break native SDK only; no ABI compatibility or client migration,P0-provenance-owner,P0-P7,raw document references docs/content/guides/migrating-to-truapi.mdx; no source code enters CORD dependency/build graph,not-applicable-reference-only,https://github.com/paritytech/product-sdk.git,8fd5cfcbcb3b02519642be0c5ec82b8e2d6730c5,e3b0c44298fc1c149afbf4c8996fb92427ae41e4649b934ca495991b7852b855,0
product-sdk,https://github.com/paritytech/product-sdk.git,8fd5cfcbcb3b02519642be0c5ec82b8e2d6730c5,raw/decentralized-web/2026-07-09-product-sdk.md,reference-only,ab3c2205b0ab89bf13b3ea0bc3ca3913ac1f6add,e7c553d82e77e8f6251f2c8ae329fca2b9d1e8f2de0cc2021f9a4f4b42501e3d,reference-only; repository license recorded,LICENSE,47bd7129b351af036270ce70e3d6e62f7618e07238c707a845b59856f3757737,unaudited reference; native threat review required before semantic adoption,reference-use-only; copying forbidden until a separate legal gate,clean-break native SDK only; no ABI compatibility or client migration,P0-provenance-owner,P0-P7,raw document references README.md; no source code enters CORD dependency/build graph,not-applicable-reference-only,https://github.com/paritytech/product-sdk.git,8fd5cfcbcb3b02519642be0c5ec82b8e2d6730c5,e3b0c44298fc1c149afbf4c8996fb92427ae41e4649b934ca495991b7852b855,0
dotli-community,https://github.com/paritytech/dotli-community.git,0dd3c507a7fda250468381b798fa1d41cf6fe97c,raw/decentralized-web/2026-07-10-dotli-community.md,reference-only,6910e73174f957b278fbce3b0a5eec573455d883,2736e3186b6ef095b56a54e4397de034b13df709e27655ef6ba70228b12a47fc,reference-only; repository license recorded,LICENSE,6aec45530bb46c17ceaa481668086f1135a954570b05907c9b9fec7ffca3a3e2,unaudited reference; native threat review required before semantic adoption,reference-use-only; copying forbidden until a separate legal gate,clean-break native SDK only; no ABI compatibility or client migration,P0-provenance-owner,P0-P7,raw document references README.md; no source code enters CORD dependency/build graph,not-applicable-reference-only,https://github.com/paritytech/dotli-community.git,0dd3c507a7fda250468381b798fa1d41cf6fe97c,e3b0c44298fc1c149afbf4c8996fb92427ae41e4649b934ca495991b7852b855,0
dotli-community,https://github.com/paritytech/dotli-community.git,0dd3c507a7fda250468381b798fa1d41cf6fe97c,raw/decentralized-web/2026-07-10-dotli-deployment.md,reference-only,6910e73174f957b278fbce3b0a5eec573455d883,a2fa45d106e4115a88eaf914a52131fe8c8899b4ab2674a50a4a181e3f9c99d0,reference-only; repository license recorded,LICENSE,6aec45530bb46c17ceaa481668086f1135a954570b05907c9b9fec7ffca3a3e2,unaudited reference; native threat review required before semantic adoption,reference-use-only; copying forbidden until a separate legal gate,clean-break native SDK only; no ABI compatibility or client migration,P0-provenance-owner,P0-P7,raw document references DEPLOYMENT.md; no source code enters CORD dependency/build graph,not-applicable-reference-only,https://github.com/paritytech/dotli-community.git,0dd3c507a7fda250468381b798fa1d41cf6fe97c,e3b0c44298fc1c149afbf4c8996fb92427ae41e4649b934ca495991b7852b855,0
dotli-community,https://github.com/paritytech/dotli-community.git,0dd3c507a7fda250468381b798fa1d41cf6fe97c,raw/decentralized-web/2026-07-10-dotli-resolution-design.md,reference-only,6910e73174f957b278fbce3b0a5eec573455d883,4f33646bbe5a803c80e8438643cbc1702e92777ddbec47c09fa1bee1f5cb1b78,reference-only; repository license recorded,LICENSE,6aec45530bb46c17ceaa481668086f1135a954570b05907c9b9fec7ffca3a3e2,unaudited reference; native threat review required before semantic adoption,reference-use-only; copying forbidden until a separate legal gate,clean-break native SDK only; no ABI compatibility or client migration,P0-provenance-owner,P0-P7,raw document references docs/resolution-design.md; no source code enters CORD dependency/build graph,not-applicable-reference-only,https://github.com/paritytech/dotli-community.git,0dd3c507a7fda250468381b798fa1d41cf6fe97c,e3b0c44298fc1c149afbf4c8996fb92427ae41e4649b934ca495991b7852b855,0
dotli-community,https://github.com/paritytech/dotli-community.git,0dd3c507a7fda250468381b798fa1d41cf6fe97c,raw/decentralized-web/2026-07-10-dotli-smoldot.md,reference-only,6910e73174f957b278fbce3b0a5eec573455d883,197c18d2a495eae8a75f69d187a69ec425ffc86c1e1b4a1898a4c4c45160cd9c,reference-only; repository license recorded,LICENSE,6aec45530bb46c17ceaa481668086f1135a954570b05907c9b9fec7ffca3a3e2,unaudited reference; native threat review required before semantic adoption,reference-use-only; copying forbidden until a separate legal gate,clean-break native SDK only; no ABI compatibility or client migration,P0-provenance-owner,P0-P7,raw document references docs/smoldot.md; no source code enters CORD dependency/build graph,not-applicable-reference-only,https://github.com/paritytech/dotli-community.git,0dd3c507a7fda250468381b798fa1d41cf6fe97c,e3b0c44298fc1c149afbf4c8996fb92427ae41e4649b934ca495991b7852b855,0
polkadot-app-deploy,https://github.com/paritytech/polkadot-app-deploy.git,3247994e5dbea171dcc10fd88a15cc7473b1061c,raw/decentralized-web/2026-07-10-polkadot-app-bootstrap.md,reference-only,394d0c1f8c8b6b8fb5ad32500af956f2b710f9a1,929e09f211f3cc64dd7a5bcb08ddbc7de9718c127aeebd0081786a7cf1bd2c6d,reference-only; repository license recorded,LICENSE,7f7af477b82697fa7414e8cf2168146e86c12a0aab0394da4e6ea611e141cf98,unaudited reference; native threat review required before semantic adoption,reference-use-only; copying forbidden until a separate legal gate,clean-break native SDK only; no ABI compatibility or client migration,P0-provenance-owner,P0-P7,raw document references docs/bootstrap.md; no source code enters CORD dependency/build graph,not-applicable-reference-only,https://github.com/paritytech/polkadot-app-deploy.git,3247994e5dbea171dcc10fd88a15cc7473b1061c,e3b0c44298fc1c149afbf4c8996fb92427ae41e4649b934ca495991b7852b855,0
polkadot-app-deploy,https://github.com/paritytech/polkadot-app-deploy.git,3247994e5dbea171dcc10fd88a15cc7473b1061c,raw/decentralized-web/2026-07-10-polkadot-app-deploy-environments.md,reference-only,394d0c1f8c8b6b8fb5ad32500af956f2b710f9a1,c72d4e11e3c2aeb223e96bca3efa247d9e47d93ea35d3064081232109504a96f,reference-only; repository license recorded,LICENSE,7f7af477b82697fa7414e8cf2168146e86c12a0aab0394da4e6ea611e141cf98,unaudited reference; native threat review required before semantic adoption,reference-use-only; copying forbidden until a separate legal gate,clean-break native SDK only; no ABI compatibility or client migration,P0-provenance-owner,P0-P7,raw document references DEPLOYMENT.md; no source code enters CORD dependency/build graph,not-applicable-reference-only,https://github.com/paritytech/polkadot-app-deploy.git,3247994e5dbea171dcc10fd88a15cc7473b1061c,e3b0c44298fc1c149afbf4c8996fb92427ae41e4649b934ca495991b7852b855,0
polkadot-app-deploy,https://github.com/paritytech/polkadot-app-deploy.git,3247994e5dbea171dcc10fd88a15cc7473b1061c,raw/decentralized-web/2026-07-10-polkadot-app-deploy-telemetry.md,reference-only,394d0c1f8c8b6b8fb5ad32500af956f2b710f9a1,ab1161fb28b0e284af021708c9c58f0e90db4f2c7ec590899b8cfcd849529016,reference-only; repository license recorded,LICENSE,7f7af477b82697fa7414e8cf2168146e86c12a0aab0394da4e6ea611e141cf98,unaudited reference; native threat review required before semantic adoption,reference-use-only; copying forbidden until a separate legal gate,clean-break native SDK only; no ABI compatibility or client migration,P0-provenance-owner,P0-P7,raw document references docs/telemetry.md; no source code enters CORD dependency/build graph,not-applicable-reference-only,https://github.com/paritytech/polkadot-app-deploy.git,3247994e5dbea171dcc10fd88a15cc7473b1061c,e3b0c44298fc1c149afbf4c8996fb92427ae41e4649b934ca495991b7852b855,0
polkadot-app-deploy,https://github.com/paritytech/polkadot-app-deploy.git,3247994e5dbea171dcc10fd88a15cc7473b1061c,raw/decentralized-web/2026-07-10-polkadot-app-deploy-testing.md,reference-only,394d0c1f8c8b6b8fb5ad32500af956f2b710f9a1,81cf74b60ff9c3d1ea1e87d07df7fb7ca13bacadc352b80754fb0aee55533adf,reference-only; repository license recorded,LICENSE,7f7af477b82697fa7414e8cf2168146e86c12a0aab0394da4e6ea611e141cf98,unaudited reference; native threat review required before semantic adoption,reference-use-only; copying forbidden until a separate legal gate,clean-break native SDK only; no ABI compatibility or client migration,P0-provenance-owner,P0-P7,raw document references docs/testing.md; no source code enters CORD dependency/build graph,not-applicable-reference-only,https://github.com/paritytech/polkadot-app-deploy.git,3247994e5dbea171dcc10fd88a15cc7473b1061c,e3b0c44298fc1c149afbf4c8996fb92427ae41e4649b934ca495991b7852b855,0
polkadot-app-deploy,https://github.com/paritytech/polkadot-app-deploy.git,3247994e5dbea171dcc10fd88a15cc7473b1061c,raw/decentralized-web/2026-07-10-polkadot-app-deploy.md,reference-only,394d0c1f8c8b6b8fb5ad32500af956f2b710f9a1,bfb6087969fe85a3eee902e4c33bab985021918816091b9924ede4030ff3beca,reference-only; repository license recorded,LICENSE,7f7af477b82697fa7414e8cf2168146e86c12a0aab0394da4e6ea611e141cf98,unaudited reference; native threat review required before semantic adoption,reference-use-only; copying forbidden until a separate legal gate,clean-break native SDK only; no ABI compatibility or client migration,P0-provenance-owner,P0-P7,raw document references README.md; no source code enters CORD dependency/build graph,not-applicable-reference-only,https://github.com/paritytech/polkadot-app-deploy.git,3247994e5dbea171dcc10fd88a15cc7473b1061c,e3b0c44298fc1c149afbf4c8996fb92427ae41e4649b934ca495991b7852b855,0
truapi,https://github.com/paritytech/truapi.git,2e91c006152aec659b31c7068b280fc50190c28f,raw/decentralized-web/2026-07-10-truapi-host-runtime.md,reference-only,07ccbbad38fd2e01d57d46dfe7d0ac089047e50a,ce987942e5cb2c935c5786aa164822f6fd81df8b0845d989ab7c2af20cc7c821,reference-only; repository license recorded,LICENSE,e88af13285f46c4af06ff271b6ef6aec4d24110b8a2a13c96083b6fe50ad7c33,unaudited reference; native threat review required before semantic adoption,reference-use-only; copying forbidden until a separate legal gate,clean-break native SDK only; no ABI compatibility or client migration,P0-provenance-owner,P0-P7,raw document references js/packages/truapi-host/README.md; no source code enters CORD dependency/build graph,not-applicable-reference-only,https://github.com/paritytech/truapi.git,2e91c006152aec659b31c7068b280fc50190c28f,e3b0c44298fc1c149afbf4c8996fb92427ae41e4649b934ca495991b7852b855,0
truapi,https://github.com/paritytech/truapi.git,2e91c006152aec659b31c7068b280fc50190c28f,raw/decentralized-web/2026-07-10-truapi-permission-model.md,reference-only,07ccbbad38fd2e01d57d46dfe7d0ac089047e50a,34fc37b2d5ce184b42962d8298671373587dc2652dee8bb649f770d5fd8bccec,reference-only; repository license recorded,LICENSE,e88af13285f46c4af06ff271b6ef6aec4d24110b8a2a13c96083b6fe50ad7c33,unaudited reference; native threat review required before semantic adoption,reference-use-only; copying forbidden until a separate legal gate,clean-break native SDK only; no ABI compatibility or client migration,P0-provenance-owner,P0-P7,raw document references docs/rfcs/0002-permission-model.md; no source code enters CORD dependency/build graph,not-applicable-reference-only,https://github.com/paritytech/truapi.git,2e91c006152aec659b31c7068b280fc50190c28f,e3b0c44298fc1c149afbf4c8996fb92427ae41e4649b934ca495991b7852b855,0
truapi,https://github.com/paritytech/truapi.git,2e91c006152aec659b31c7068b280fc50190c28f,raw/decentralized-web/2026-07-10-truapi-protocol-design.md,reference-only,07ccbbad38fd2e01d57d46dfe7d0ac089047e50a,53e20ca6f6f45ff1f7378bba0950ff3480388aa8bed6aa5a4e7974f1d78d17a7,reference-only; repository license recorded,LICENSE,e88af13285f46c4af06ff271b6ef6aec4d24110b8a2a13c96083b6fe50ad7c33,unaudited reference; native threat review required before semantic adoption,reference-use-only; copying forbidden until a separate legal gate,clean-break native SDK only; no ABI compatibility or client migration,P0-provenance-owner,P0-P7,raw document references docs/design/truapi-protocol.md; no source code enters CORD dependency/build graph,not-applicable-reference-only,https://github.com/paritytech/truapi.git,2e91c006152aec659b31c7068b280fc50190c28f,e3b0c44298fc1c149afbf4c8996fb92427ae41e4649b934ca495991b7852b855,0
truapi,https://github.com/paritytech/truapi.git,2e91c006152aec659b31c7068b280fc50190c28f,raw/decentralized-web/2026-07-10-truapi-release-process.md,reference-only,07ccbbad38fd2e01d57d46dfe7d0ac089047e50a,abf159708e8bc54cb3489c819825bb13450f6e2e6f11f131794ea708c4e547c9,reference-only; repository license recorded,LICENSE,e88af13285f46c4af06ff271b6ef6aec4d24110b8a2a13c96083b6fe50ad7c33,unaudited reference; native threat review required before semantic adoption,reference-use-only; copying forbidden until a separate legal gate,clean-break native SDK only; no ABI compatibility or client migration,P0-provenance-owner,P0-P7,raw document references docs/RELEASE_PROCESS.md; no source code enters CORD dependency/build graph,not-applicable-reference-only,https://github.com/paritytech/truapi.git,2e91c006152aec659b31c7068b280fc50190c28f,e3b0c44298fc1c149afbf4c8996fb92427ae41e4649b934ca495991b7852b855,0
truapi,https://github.com/paritytech/truapi.git,2e91c006152aec659b31c7068b280fc50190c28f,raw/decentralized-web/2026-07-10-truapi-rust-contract.md,reference-only,07ccbbad38fd2e01d57d46dfe7d0ac089047e50a,13ec73413a6401332a6922e6dfa9f0306f81e23d3c4d21702ad04307fe94bd68,reference-only; repository license recorded,LICENSE,e88af13285f46c4af06ff271b6ef6aec4d24110b8a2a13c96083b6fe50ad7c33,unaudited reference; native threat review required before semantic adoption,reference-use-only; copying forbidden until a separate legal gate,clean-break native SDK only; no ABI compatibility or client migration,P0-provenance-owner,P0-P7,raw document references rust/crates/truapi/README.md; no source code enters CORD dependency/build graph,not-applicable-reference-only,https://github.com/paritytech/truapi.git,2e91c006152aec659b31c7068b280fc50190c28f,e3b0c44298fc1c149afbf4c8996fb92427ae41e4649b934ca495991b7852b855,0
truapi,https://github.com/paritytech/truapi.git,2e91c006152aec659b31c7068b280fc50190c28f,raw/decentralized-web/2026-07-10-truapi-typescript-client.md,reference-only,07ccbbad38fd2e01d57d46dfe7d0ac089047e50a,1df93c8ca1b7734b7a632b46cb32c809712f0795f17201eb801862c5a0bd9576,reference-only; repository license recorded,LICENSE,e88af13285f46c4af06ff271b6ef6aec4d24110b8a2a13c96083b6fe50ad7c33,unaudited reference; native threat review required before semantic adoption,reference-use-only; copying forbidden until a separate legal gate,clean-break native SDK only; no ABI compatibility or client migration,P0-provenance-owner,P0-P7,raw document references js/packages/truapi/README.md; no source code enters CORD dependency/build graph,not-applicable-reference-only,https://github.com/paritytech/truapi.git,2e91c006152aec659b31c7068b280fc50190c28f,e3b0c44298fc1c149afbf4c8996fb92427ae41e4649b934ca495991b7852b855,0
truapi,https://github.com/paritytech/truapi.git,2e91c006152aec659b31c7068b280fc50190c28f,raw/decentralized-web/2026-07-10-truapi.md,reference-only,07ccbbad38fd2e01d57d46dfe7d0ac089047e50a,dd61747539860e1f73c16db665b6188ace6bc666fed400771aaabd2c0421b222,reference-only; repository license recorded,LICENSE,e88af13285f46c4af06ff271b6ef6aec4d24110b8a2a13c96083b6fe50ad7c33,unaudited reference; native threat review required before semantic adoption,reference-use-only; copying forbidden until a separate legal gate,clean-break native SDK only; no ABI compatibility or client migration,P0-provenance-owner,P0-P7,raw document references README.md; no source code enters CORD dependency/build graph,not-applicable-reference-only,https://github.com/paritytech/truapi.git,2e91c006152aec659b31c7068b280fc50190c28f,e3b0c44298fc1c149afbf4c8996fb92427ae41e4649b934ca495991b7852b855,0
statement-store-tools,https://github.com/paritytech/statement-store-tools.git,b1194b620b5b20ad468f4e87a1d3a50cf7e2eba0,raw/developer-tools/2026-05-18-statement-store-tools.md,reference-only,0e942a5b43fb13bd33655bd8916eb19246c2718a,6ff4e33fbe7d520ff68926000c853207d0a599e93b72f809eec5818148da1621,reference-only; repository license recorded,LICENSE,aab56b4a581fc1c50b7c782eacf2fc8be05a47cd98e4bf4d836dd9b6dd9c86f4,unaudited reference; native threat review required before semantic adoption,reference-use-only; copying forbidden until a separate legal gate,clean-break native SDK only; no ABI compatibility or client migration,P0-provenance-owner,P0-P7,raw document references README.md; no source code enters CORD dependency/build graph,not-applicable-reference-only,https://github.com/paritytech/statement-store-tools.git,b1194b620b5b20ad468f4e87a1d3a50cf7e2eba0,e3b0c44298fc1c149afbf4c8996fb92427ae41e4649b934ca495991b7852b855,0
polkadot-cli,https://github.com/paritytech/polkadot-cli.git,e25e89f71d38f9eaff3e9fc3944af841e51d3bd8,raw/developer-tools/2026-07-10-polkadot-cli-agent-guide.md,reference-only,65de0aae0be240efcf41089e6a2c06abfe889b91,d2430eac3cc54945ad319c8309633ba3c72e4ce7a66afaa316797e828e95402e,not-applicable,not-present,not-present,unaudited reference; native threat review required before semantic adoption,reference-use-only; copying forbidden until a separate legal gate,clean-break native SDK only; no ABI compatibility or client migration,P0-provenance-owner,P0-P7,raw document references dot-cli/SKILL.md; no source code enters CORD dependency/build graph,not-applicable-reference-only,https://github.com/paritytech/polkadot-cli.git,e25e89f71d38f9eaff3e9fc3944af841e51d3bd8,e3b0c44298fc1c149afbf4c8996fb92427ae41e4649b934ca495991b7852b855,0
polkadot-cli,https://github.com/paritytech/polkadot-cli.git,e25e89f71d38f9eaff3e9fc3944af841e51d3bd8,raw/developer-tools/2026-07-10-polkadot-cli-release-process.md,reference-only,65de0aae0be240efcf41089e6a2c06abfe889b91,09d3516cd68165bee37acc196fd11daaac5ec940b7ce2a00e7ce2a42a936bac0,not-applicable,not-present,not-present,unaudited reference; native threat review required before semantic adoption,reference-use-only; copying forbidden until a separate legal gate,clean-break native SDK only; no ABI compatibility or client migration,P0-provenance-owner,P0-P7,raw document references RELEASE.md; no source code enters CORD dependency/build graph,not-applicable-reference-only,https://github.com/paritytech/polkadot-cli.git,e25e89f71d38f9eaff3e9fc3944af841e51d3bd8,e3b0c44298fc1c149afbf4c8996fb92427ae41e4649b934ca495991b7852b855,0
polkadot-cli,https://github.com/paritytech/polkadot-cli.git,e25e89f71d38f9eaff3e9fc3944af841e51d3bd8,raw/developer-tools/2026-07-10-polkadot-cli-scripting-patterns.md,reference-only,65de0aae0be240efcf41089e6a2c06abfe889b91,2fced73e083d6c6d56cd20d8e3b1fd1318b42a3c0c20fea8ad1a57b129e5fbe4,not-applicable,not-present,not-present,unaudited reference; native threat review required before semantic adoption,reference-use-only; copying forbidden until a separate legal gate,clean-break native SDK only; no ABI compatibility or client migration,P0-provenance-owner,P0-P7,raw document references dot-cli/references/scripting-patterns.md; no source code enters CORD dependency/build graph,not-applicable-reference-only,https://github.com/paritytech/polkadot-cli.git,e25e89f71d38f9eaff3e9fc3944af841e51d3bd8,e3b0c44298fc1c149afbf4c8996fb92427ae41e4649b934ca495991b7852b855,0
polkadot-cli,https://github.com/paritytech/polkadot-cli.git,e25e89f71d38f9eaff3e9fc3944af841e51d3bd8,raw/developer-tools/2026-07-10-polkadot-cli.md,reference-only,65de0aae0be240efcf41089e6a2c06abfe889b91,ff7595e0f550665626e176f3148a3d989caa0ace49a3bc06cbc5b9001ce78f0b,not-applicable,not-present,not-present,unaudited reference; native threat review required before semantic adoption,reference-use-only; copying forbidden until a separate legal gate,clean-break native SDK only; no ABI compatibility or client migration,P0-provenance-owner,P0-P7,raw document references README.md; no source code enters CORD dependency/build graph,not-applicable-reference-only,https://github.com/paritytech/polkadot-cli.git,e25e89f71d38f9eaff3e9fc3944af841e51d3bd8,e3b0c44298fc1c149afbf4c8996fb92427ae41e4649b934ca495991b7852b855,0
attestation-protocol,https://github.com/paritytech/attestation-protocol.git,223955deac7298d8b674ede3772c44f4d664d4db,raw/identity/2026-06-08-attestation-protocol-v2.md,reference-only,e700c6e0c4d0092bb83a473a4dc42f73d0e57274,c806809cc4d2ef1cdd4f0ee93a01a9af5b8138dcf280f5b183ec18e4305a16e5,reference-only; repository license recorded,LICENSE,4034496439bed54ec676b5586098eee386d19a46cea8b1248ac0cc7eaeb494f7,unaudited reference; native threat review required before semantic adoption,reference-use-only; copying forbidden until a separate legal gate,clean-break native SDK only; no ABI compatibility or client migration,P0-provenance-owner,P0-P7,raw document references docs/attestation-protocol-v2.md; no source code enters CORD dependency/build graph,not-applicable-reference-only,https://github.com/paritytech/attestation-protocol.git,223955deac7298d8b674ede3772c44f4d664d4db,e3b0c44298fc1c149afbf4c8996fb92427ae41e4649b934ca495991b7852b855,0
attestation-protocol,https://github.com/paritytech/attestation-protocol.git,223955deac7298d8b674ede3772c44f4d664d4db,raw/identity/2026-06-08-attestation-protocol.md,reference-only,e700c6e0c4d0092bb83a473a4dc42f73d0e57274,67128ec702ed35291e45e59c01f0af37b63fc8b15d718756657eaf6c30c919ce,reference-only; repository license recorded,LICENSE,4034496439bed54ec676b5586098eee386d19a46cea8b1248ac0cc7eaeb494f7,unaudited reference; native threat review required before semantic adoption,reference-use-only; copying forbidden until a separate legal gate,clean-break native SDK only; no ABI compatibility or client migration,P0-provenance-owner,P0-P7,raw document references README.md; no source code enters CORD dependency/build graph,not-applicable-reference-only,https://github.com/paritytech/attestation-protocol.git,223955deac7298d8b674ede3772c44f4d664d4db,e3b0c44298fc1c149afbf4c8996fb92427ae41e4649b934ca495991b7852b855,0
individuality-community,https://github.com/paritytech/individuality-community.git,28b7d07dab05bbd05f6b664278b5c83841e212d3,raw/identity/2026-06-11-individuality-community.md,reference-only,34562e54e7f52b211c31e1a872bdb199917824d5,4106eeaac5696f9d0cb76da79664e7068cde83a6d7f588c3d044234132a2d09b,reference-only; repository license recorded,LICENSE,4ac1fdbca847caf4861bfc1a4ee15ecff886845f5a51c621970cb1941027d7aa,unaudited reference; native threat review required before semantic adoption,reference-use-only; copying forbidden until a separate legal gate,clean-break native SDK only; no ABI compatibility or client migration,P0-provenance-owner,P0-P7,raw document references README.md; no source code enters CORD dependency/build graph,not-applicable-reference-only,https://github.com/paritytech/individuality-community.git,28b7d07dab05bbd05f6b664278b5c83841e212d3,e3b0c44298fc1c149afbf4c8996fb92427ae41e4649b934ca495991b7852b855,0
identity-backend-community,https://github.com/paritytech/identity-backend-community.git,28e8bdc0e6f2b2da01e5f82198329560c6366729,raw/identity/2026-06-17-identity-backend-architecture.md,reference-only,6ce28a64f06c6ace7895e8a5ca0bb77fd4f6537b,9a3ad195e238631a886bb912a8bcafcff37ecc09f4af8eb6f6dc54e9f04ea741,reference-only; repository license recorded,LICENSE,32b95eb46a234631145b8ea80402ade79923533fe751f4fdb2f473681daa749b,unaudited reference; native threat review required before semantic adoption,reference-use-only; copying forbidden until a separate legal gate,clean-break native SDK only; no ABI compatibility or client migration,P0-provenance-owner,P0-P7,raw document references apps/identity-backend/ARCHITECTURE.md; no source code enters CORD dependency/build graph,not-applicable-reference-only,https://github.com/paritytech/identity-backend-community.git,28e8bdc0e6f2b2da01e5f82198329560c6366729,e3b0c44298fc1c149afbf4c8996fb92427ae41e4649b934ca495991b7852b855,0
identity-backend-community,https://github.com/paritytech/identity-backend-community.git,28e8bdc0e6f2b2da01e5f82198329560c6366729,raw/identity/2026-06-17-identity-backend-community.md,reference-only,6ce28a64f06c6ace7895e8a5ca0bb77fd4f6537b,021dac216b8f7774ebfc308055c188d06d5cd0bb961bca63283fa54eb12058b5,reference-only; repository license recorded,LICENSE,32b95eb46a234631145b8ea80402ade79923533fe751f4fdb2f473681daa749b,unaudited reference; native threat review required before semantic adoption,reference-use-only; copying forbidden until a separate legal gate,clean-break native SDK only; no ABI compatibility or client migration,P0-provenance-owner,P0-P7,raw document references README.md; no source code enters CORD dependency/build graph,not-applicable-reference-only,https://github.com/paritytech/identity-backend-community.git,28e8bdc0e6f2b2da01e5f82198329560c6366729,e3b0c44298fc1c149afbf4c8996fb92427ae41e4649b934ca495991b7852b855,0
identity-backend-community,https://github.com/paritytech/identity-backend-community.git,28e8bdc0e6f2b2da01e5f82198329560c6366729,raw/identity/2026-06-17-identity-backend-concepts.md,reference-only,6ce28a64f06c6ace7895e8a5ca0bb77fd4f6537b,45ea53982af036fabc595fed4e14f4a487b1888a3e65e0f99913a0ae24ace9e5,reference-only; repository license recorded,LICENSE,32b95eb46a234631145b8ea80402ade79923533fe751f4fdb2f473681daa749b,unaudited reference; native threat review required before semantic adoption,reference-use-only; copying forbidden until a separate legal gate,clean-break native SDK only; no ABI compatibility or client migration,P0-provenance-owner,P0-P7,raw document references CONCEPTS.md; no source code enters CORD dependency/build graph,not-applicable-reference-only,https://github.com/paritytech/identity-backend-community.git,28e8bdc0e6f2b2da01e5f82198329560c6366729,e3b0c44298fc1c149afbf4c8996fb92427ae41e4649b934ca495991b7852b855,0
identity-backend-community,https://github.com/paritytech/identity-backend-community.git,28e8bdc0e6f2b2da01e5f82198329560c6366729,raw/identity/2026-06-17-identity-backend-infrastructure.md,reference-only,6ce28a64f06c6ace7895e8a5ca0bb77fd4f6537b,cb3c7a97e663b2864b160fceefda449f3f84375e47203ebd7795a49965000d86,reference-only; repository license recorded,LICENSE,32b95eb46a234631145b8ea80402ade79923533fe751f4fdb2f473681daa749b,unaudited reference; native threat review required before semantic adoption,reference-use-only; copying forbidden until a separate legal gate,clean-break native SDK only; no ABI compatibility or client migration,P0-provenance-owner,P0-P7,raw document references infra/README.md; no source code enters CORD dependency/build graph,not-applicable-reference-only,https://github.com/paritytech/identity-backend-community.git,28e8bdc0e6f2b2da01e5f82198329560c6366729,e3b0c44298fc1c149afbf4c8996fb92427ae41e4649b934ca495991b7852b855,0
identity-backend-community,https://github.com/paritytech/identity-backend-community.git,28e8bdc0e6f2b2da01e5f82198329560c6366729,raw/identity/2026-06-17-identity-backend-service.md,reference-only,6ce28a64f06c6ace7895e8a5ca0bb77fd4f6537b,08b83dbd879d8baa9fdc3130ec4503cba6501ea51561225d122ceae58b752892,reference-only; repository license recorded,LICENSE,32b95eb46a234631145b8ea80402ade79923533fe751f4fdb2f473681daa749b,unaudited reference; native threat review required before semantic adoption,reference-use-only; copying forbidden until a separate legal gate,clean-break native SDK only; no ABI compatibility or client migration,P0-provenance-owner,P0-P7,raw document references apps/identity-backend/README.md; no source code enters CORD dependency/build graph,not-applicable-reference-only,https://github.com/paritytech/identity-backend-community.git,28e8bdc0e6f2b2da01e5f82198329560c6366729,e3b0c44298fc1c149afbf4c8996fb92427ae41e4649b934ca495991b7852b855,0
polkadot-app-design-system,https://github.com/paritytech/polkadot-app-design-system.git,e81fdbd745b66c960f527eb57d5168c3c4ff01ef,raw/mobile-apps/2026-06-08-polkadot-app-design-system.md,reference-only,4541a8acc949a928a8073ae748e3f40cd107b943,93b35097ab9631cb8c8ad24e44b0e46782870c6813d4e02fb66d17f59dc76b6f,not-applicable,not-present,not-present,unaudited reference; native threat review required before semantic adoption,reference-use-only; copying forbidden until a separate legal gate,clean-break native SDK only; no ABI compatibility or client migration,P0-provenance-owner,P0-P7,raw document references README.md; no source code enters CORD dependency/build graph,not-applicable-reference-only,https://github.com/paritytech/polkadot-app-design-system.git,e81fdbd745b66c960f527eb57d5168c3c4ff01ef,e3b0c44298fc1c149afbf4c8996fb92427ae41e4649b934ca495991b7852b855,0
polkadot-app-design-system-android,https://github.com/paritytech/polkadot-app-design-system-android.git,56d6c520ac9ac39c7c62e5162cb4fd0d75c4d256,raw/mobile-apps/2026-06-09-polkadot-app-design-system-android.md,reference-only,8b13f518c614f283a96fc0c2aa43c74da9abf4f5,fe64d61e7ef17a89172a0c209ec5df1fce2e3b6989c53912290f45e1b330d37e,not-applicable,not-present,not-present,unaudited reference; native threat review required before semantic adoption,reference-use-only; copying forbidden until a separate legal gate,clean-break native SDK only; no ABI compatibility or client migration,P0-provenance-owner,P0-P7,raw document references README.md; no source code enters CORD dependency/build graph,not-applicable-reference-only,https://github.com/paritytech/polkadot-app-design-system-android.git,56d6c520ac9ac39c7c62e5162cb4fd0d75c4d256,e3b0c44298fc1c149afbf4c8996fb92427ae41e4649b934ca495991b7852b855,0
polkadot-app-design-system-ios,https://github.com/paritytech/polkadot-app-design-system-ios.git,6e5b2da49d753a1b5f137a4c836608f94967eeb0,raw/mobile-apps/2026-06-09-polkadot-app-design-system-ios.md,reference-only,dbd57a5178ab58d7ae73779c905b6dad97c791ef,01a64944844a002e8345c0ef3d0a9400c7199c476fce73a38afa201d4973e3b5,reference-only; repository license recorded,LICENSE,197655f14a6b83bf5b24fe2d53bdb470fe77688abae2872a0daf5e5db5ce8db8,unaudited reference; native threat review required before semantic adoption,reference-use-only; copying forbidden until a separate legal gate,clean-break native SDK only; no ABI compatibility or client migration,P0-provenance-owner,P0-P7,raw document references README.md; no source code enters CORD dependency/build graph,not-applicable-reference-only,https://github.com/paritytech/polkadot-app-design-system-ios.git,6e5b2da49d753a1b5f137a4c836608f94967eeb0,e3b0c44298fc1c149afbf4c8996fb92427ae41e4649b934ca495991b7852b855,0
polkadot-android-community,https://github.com/paritytech/polkadot-android-community.git,cd959a00a084737eed3ec0808212ec8beeee13a0,raw/mobile-apps/2026-06-10-polkadot-android-community.md,reference-only,4eb73a0ab6739405c1929913d4b8246b00ecc953,87289eb9481b1dfd89373f9fe4637fe2149a406bf3701d379acd2f7ef03a7ed6,reference-only; repository license recorded,LICENSE,4c333082df0c60503444486d3087b134267fdd757e48c2e4e1abf73f8d95f544,unaudited reference; native threat review required before semantic adoption,reference-use-only; copying forbidden until a separate legal gate,clean-break native SDK only; no ABI compatibility or client migration,P0-provenance-owner,P0-P7,raw document references README.md; no source code enters CORD dependency/build graph,not-applicable-reference-only,https://github.com/paritytech/polkadot-android-community.git,cd959a00a084737eed3ec0808212ec8beeee13a0,e3b0c44298fc1c149afbf4c8996fb92427ae41e4649b934ca495991b7852b855,0
polkadot-ios-community,https://github.com/paritytech/polkadot-ios-community.git,51268d146910cd989e37a1d2286648c4af278854,raw/mobile-apps/2026-06-10-polkadot-ios-community.md,reference-only,cb52df017caef4512a7cc5315e5071bb6d857d21,fdcd8deb734ada4d48066a71a1ae8e0c341cc4c4c6a84d14e47edc8169271429,reference-only; repository license recorded,LICENSE,f6d4ad2bc5e94d894fb4b24abeebbfdf953fe84707c288437cbb53963026a9f0,unaudited reference; native threat review required before semantic adoption,reference-use-only; copying forbidden until a separate legal gate,clean-break native SDK only; no ABI compatibility or client migration,P0-provenance-owner,P0-P7,raw document references README.md; no source code enters CORD dependency/build graph,not-applicable-reference-only,https://github.com/paritytech/polkadot-ios-community.git,51268d146910cd989e37a1d2286648c4af278854,e3b0c44298fc1c149afbf4c8996fb92427ae41e4649b934ca495991b7852b855,0
polkadot-apps,https://github.com/paritytech/polkadot-apps.git,e8f7847ccd562650f996252a181abdf5f954a843,raw/repository-guidance/2026-05-06-polkadot-apps-agent-guidance.md,reference-only,e563aa3eafa7ec0ad5cdc04126841d47fa0c5c8a,a4a3f4bf2e070be48597bc5195762c99889e94f2a12a59f4cc3060e56f46b8b3,reference-only; repository license recorded,LICENSE,c71d239df91726fc519c6eb72d318ec65820627232b2f796219e87dcf35d0ab4,unaudited reference; native threat review required before semantic adoption,reference-use-only; copying forbidden until a separate legal gate,clean-break native SDK only; no ABI compatibility or client migration,P0-provenance-owner,P0-P7,raw document references repository tree; no source code enters CORD dependency/build graph,not-applicable-reference-only,https://github.com/paritytech/polkadot-apps.git,e8f7847ccd562650f996252a181abdf5f954a843,e3b0c44298fc1c149afbf4c8996fb92427ae41e4649b934ca495991b7852b855,0
polkadot-android-community,https://github.com/paritytech/polkadot-android-community.git,cd959a00a084737eed3ec0808212ec8beeee13a0,raw/repository-guidance/2026-06-10-polkadot-android-community-agent-guidance.md,reference-only,4eb73a0ab6739405c1929913d4b8246b00ecc953,52bac24dccddd0e2e71c998d1d59d8ab91e5fd4f63fce2798ee632c781a67ff1,reference-only; repository license recorded,LICENSE,4c333082df0c60503444486d3087b134267fdd757e48c2e4e1abf73f8d95f544,unaudited reference; native threat review required before semantic adoption,reference-use-only; copying forbidden until a separate legal gate,clean-break native SDK only; no ABI compatibility or client migration,P0-provenance-owner,P0-P7,raw document references repository tree; no source code enters CORD dependency/build graph,not-applicable-reference-only,https://github.com/paritytech/polkadot-android-community.git,cd959a00a084737eed3ec0808212ec8beeee13a0,e3b0c44298fc1c149afbf4c8996fb92427ae41e4649b934ca495991b7852b855,0
polkadot-ios-community,https://github.com/paritytech/polkadot-ios-community.git,51268d146910cd989e37a1d2286648c4af278854,raw/repository-guidance/2026-06-10-polkadot-ios-community-agent-guidance.md,reference-only,cb52df017caef4512a7cc5315e5071bb6d857d21,ad0fe3f66d30761de822ed6ebe5a961afc4e62b290e11666850e38b92d5e69d0,reference-only; repository license recorded,LICENSE,f6d4ad2bc5e94d894fb4b24abeebbfdf953fe84707c288437cbb53963026a9f0,unaudited reference; native threat review required before semantic adoption,reference-use-only; copying forbidden until a separate legal gate,clean-break native SDK only; no ABI compatibility or client migration,P0-provenance-owner,P0-P7,raw document references repository tree; no source code enters CORD dependency/build graph,not-applicable-reference-only,https://github.com/paritytech/polkadot-ios-community.git,51268d146910cd989e37a1d2286648c4af278854,e3b0c44298fc1c149afbf4c8996fb92427ae41e4649b934ca495991b7852b855,0
localdot-community,https://github.com/paritytech/localdot-community.git,79b7d9bc2aaf9e7ecbd60c7f6ddd31b76e8c0978,raw/repository-guidance/2026-06-11-localdot-community-agent-guidance.md,reference-only,0fa36343484f6c5f664ad0f32fa1e3fac349f99d,27a78f0e6b48ac9c874a948f9c367ea7fcb047c4039e4665951bd68484044766,reference-only; repository license recorded,LICENSE,eb1183455a9bbed466e52b50c263226ce6601e5655de83cea302695463735282,unaudited reference; native threat review required before semantic adoption,reference-use-only; copying forbidden until a separate legal gate,clean-break native SDK only; no ABI compatibility or client migration,P0-provenance-owner,P0-P7,raw document references repository tree; no source code enters CORD dependency/build graph,not-applicable-reference-only,https://github.com/paritytech/localdot-community.git,79b7d9bc2aaf9e7ecbd60c7f6ddd31b76e8c0978,e3b0c44298fc1c149afbf4c8996fb92427ae41e4649b934ca495991b7852b855,0
playground-app-community,https://github.com/paritytech/playground-app-community.git,92d7e03de68c6eb1cebb24d43a7b32fcb831b289,raw/repository-guidance/2026-06-18-playground-app-community-agent-guidance.md,reference-only,c1fc5111ad247daffb825ed84a378fe443c544c6,791cb9e662e66972b8ffc3db560fdff6433c40a51a77c33a05b03a135ccc463f,reference-only; repository license recorded,LICENSE,3972dc9744f6499f0f9b2dbf76696f2ae7ad8af9b23dde66d6af86c9dfb36986,unaudited reference; native threat review required before semantic adoption,reference-use-only; copying forbidden until a separate legal gate,clean-break native SDK only; no ABI compatibility or client migration,P0-provenance-owner,P0-P7,raw document references repository tree; no source code enters CORD dependency/build graph,not-applicable-reference-only,https://github.com/paritytech/playground-app-community.git,92d7e03de68c6eb1cebb24d43a7b32fcb831b289,e3b0c44298fc1c149afbf4c8996fb92427ae41e4649b934ca495991b7852b855,0
polkadot-desktop-community,https://github.com/paritytech/polkadot-desktop-community.git,2c76cb7e53af4ada12b3a6e31901fdc27c0cb4fd,raw/repository-guidance/2026-06-18-polkadot-desktop-community-agent-guidance.md,reference-only,e04c2b9f872b80949226afd2b3d9b8a01c1a201e,5a05dd97148b9821281276a8b64780b64a472a9139209227c87a373605c438b0,reference-only; repository license recorded,LICENSE,e902615a7bece14ce851fd8a9cce637184de83d04a54a13cd4ccc88631b42b18,unaudited reference; native threat review required before semantic adoption,reference-use-only; copying forbidden until a separate legal gate,clean-break native SDK only; no ABI compatibility or client migration,P0-provenance-owner,P0-P7,raw document references repository tree; no source code enters CORD dependency/build graph,not-applicable-reference-only,https://github.com/paritytech/polkadot-desktop-community.git,2c76cb7e53af4ada12b3a6e31901fdc27c0cb4fd,e3b0c44298fc1c149afbf4c8996fb92427ae41e4649b934ca495991b7852b855,0
polkadot-bulletin-chain,https://github.com/paritytech/polkadot-bulletin-chain.git,b6c2827d232669b525c0906cc20def0e5eb4676b,raw/repository-guidance/2026-07-08-polkadot-bulletin-chain-agent-guidance.md,reference-only,1c3e72f2e2a4d4d8bf50b2c03235cf8c1d9897c8,2a0a06d142b75452e58a51da2a0bfbede4129a0c0822624e0041b0acae94ddc0,reference-only; repository license recorded,LICENSE,c61f12da7cdad526bdcbed47a4c0a603e60dbbfdaf8b66933cd088e9132c303f,unaudited reference; native threat review required before semantic adoption,reference-use-only; copying forbidden until a separate legal gate,clean-break native SDK only; no ABI compatibility or client migration,P0-provenance-owner,P0-P7,raw document references repository tree; no source code enters CORD dependency/build graph,not-applicable-reference-only,https://github.com/paritytech/polkadot-bulletin-chain.git,b6c2827d232669b525c0906cc20def0e5eb4676b,e3b0c44298fc1c149afbf4c8996fb92427ae41e4649b934ca495991b7852b855,0
browse,https://github.com/paritytech/browse.git,1054df0f0e89f4686c2f8a484a3ed1502ea4e571,raw/repository-guidance/2026-07-09-browse-agent-guidance.md,reference-only,4f0f18bc055605593b9b3c955d94a6304b72812c,d1ec3152b0e3fa2fde8b9f1cce3b571ff6c78ed6d337745fc925ebf607933fff,reference-only; repository license recorded,LICENSE,c401dd88d8016f5006d2aff58b51fecd312e5630d10b63fa9a79c517d7f4f225,unaudited reference; native threat review required before semantic adoption,reference-use-only; copying forbidden until a separate legal gate,clean-break native SDK only; no ABI compatibility or client migration,P0-provenance-owner,P0-P7,raw document references repository tree; no source code enters CORD dependency/build graph,not-applicable-reference-only,https://github.com/paritytech/browse.git,1054df0f0e89f4686c2f8a484a3ed1502ea4e571,e3b0c44298fc1c149afbf4c8996fb92427ae41e4649b934ca495991b7852b855,0
product-sdk,https://github.com/paritytech/product-sdk.git,8fd5cfcbcb3b02519642be0c5ec82b8e2d6730c5,raw/repository-guidance/2026-07-09-product-sdk-agent-guidance.md,reference-only,ab3c2205b0ab89bf13b3ea0bc3ca3913ac1f6add,abd2d37339ada3cc332648168080c2612dfaa91a6c517679ac3639544cdb1d52,reference-only; repository license recorded,LICENSE,47bd7129b351af036270ce70e3d6e62f7618e07238c707a845b59856f3757737,unaudited reference; native threat review required before semantic adoption,reference-use-only; copying forbidden until a separate legal gate,clean-break native SDK only; no ABI compatibility or client migration,P0-provenance-owner,P0-P7,raw document references repository tree; no source code enters CORD dependency/build graph,not-applicable-reference-only,https://github.com/paritytech/product-sdk.git,8fd5cfcbcb3b02519642be0c5ec82b8e2d6730c5,e3b0c44298fc1c149afbf4c8996fb92427ae41e4649b934ca495991b7852b855,0
polkadot-cli,https://github.com/paritytech/polkadot-cli.git,e25e89f71d38f9eaff3e9fc3944af841e51d3bd8,raw/repository-guidance/2026-07-10-polkadot-cli-agent-guidance.md,reference-only,65de0aae0be240efcf41089e6a2c06abfe889b91,5cabf167c0fb2ffc4585ad8d3031dd23a7fcf88904837d59d011fe0916ca0afe,not-applicable,not-present,not-present,unaudited reference; native threat review required before semantic adoption,reference-use-only; copying forbidden until a separate legal gate,clean-break native SDK only; no ABI compatibility or client migration,P0-provenance-owner,P0-P7,raw document references repository tree; no source code enters CORD dependency/build graph,not-applicable-reference-only,https://github.com/paritytech/polkadot-cli.git,e25e89f71d38f9eaff3e9fc3944af841e51d3bd8,e3b0c44298fc1c149afbf4c8996fb92427ae41e4649b934ca495991b7852b855,0
truapi,https://github.com/paritytech/truapi.git,2e91c006152aec659b31c7068b280fc50190c28f,raw/repository-guidance/2026-07-10-truapi-agent-guidance.md,reference-only,07ccbbad38fd2e01d57d46dfe7d0ac089047e50a,c0b2045060b536d5f69ef1aff4d20d6bbf996b85ccd573abe6a77d4956eccdf6,reference-only; repository license recorded,LICENSE,e88af13285f46c4af06ff271b6ef6aec4d24110b8a2a13c96083b6fe50ad7c33,unaudited reference; native threat review required before semantic adoption,reference-use-only; copying forbidden until a separate legal gate,clean-break native SDK only; no ABI compatibility or client migration,P0-provenance-owner,P0-P7,raw document references repository tree; no source code enters CORD dependency/build graph,not-applicable-reference-only,https://github.com/paritytech/truapi.git,2e91c006152aec659b31c7068b280fc50190c28f,e3b0c44298fc1c149afbf4c8996fb92427ae41e4649b934ca495991b7852b855,0
dhiway-sdk-current-dependency,https://github.com/dhiway/sdk.git,cc190ea83c590b6a14a6b9771ab02c81618dc118,Cargo.toml,unchanged-upstream,5995836d5492d173b7f2f11dc97d9c35d76da48e,03039a1422e9d3294983b9248bf74636ec30fe41dee74dbff6aefe78d2e24747,Apache-2.0,substrate/LICENSE-APACHE2,e93d18cb209947d5e75300c9cd9043e1e680034bcd7df0635e1012cc8d8311ab,branch-locked dependency; runtime composition/review and advisory monitoring required,approved dependency input subject to complete workspace license scan,single release-v1.24.0 graph at cc190ea; upstream primitive forks forbidden,runtime-sdk-owner,P0-P7,not-applicable-code-adoption,Cargo.toml,https://github.com/dhiway/sdk.git,cc190ea83c590b6a14a6b9771ab02c81618dc118,e3b0c44298fc1c149afbf4c8996fb92427ae41e4649b934ca495991b7852b855,0
dhiway-sdk-current-dependency,https://github.com/dhiway/sdk.git,cc190ea83c590b6a14a6b9771ab02c81618dc118,Cargo.lock,unchanged-upstream,5995836d5492d173b7f2f11dc97d9c35d76da48e,24adde73138855dbf401450a407391dba1e5f7ebd6484729daf885451cbf14f1,Apache-2.0,substrate/LICENSE-APACHE2,e93d18cb209947d5e75300c9cd9043e1e680034bcd7df0635e1012cc8d8311ab,branch-locked dependency; runtime composition/review and advisory monitoring required,approved dependency input subject to complete workspace license scan,single release-v1.24.0 graph at cc190ea; upstream primitive forks forbidden,runtime-sdk-owner,P0-P7,not-applicable-code-adoption,Cargo.lock,https://github.com/dhiway/sdk.git,cc190ea83c590b6a14a6b9771ab02c81618dc118,e3b0c44298fc1c149afbf4c8996fb92427ae41e4649b934ca495991b7852b855,0
